Year_Month,Avg_Close,Total_Volume
1980-12,0.135903076,1344851200
1981-01,0.141315904,608988800
1981-02,0.117892368,321619200
1981-03,0.110871455,700716800
1981-04,0.121545476,536928000
1981-05,0.1294364,590419200
1981-06,0.137073729,950566400
1981-07,0.108816909,667430400
1981-08,0.09983519,548620800
1981-09,0.080941762,743680000
1981-10,0.082893727,904176000
1981-11,0.083230898,586678400
1981-12,0.09002109,1037120000
1982-01,0.088616151,864214400
1982-02,0.084439473,608406400
1982-03,0.074073217,1199676800
1982-04,0.072730666,1749596800
1982-05,0.066322499,1243894400
1982-06,0.059101272,803644800
1982-07,0.057318285,1418211200
1982-08,0.064706909,2156000000
1982-09,0.081180713,1663558400
1982-10,0.10382119,3779507200
1982-11,0.134752333,3152307200
1982-12,0.138392862,2725990400
1983-01,0.150164858,4579030400
1983-02,0.199835525,3153292800
1983-03,0.193856739,2648329600
1983-04,0.2042689,3338832000
1983-05,0.24428681,2084409600
1983-06,0.248706316,2807481600
1983-07,0.1944197,3097830400
1983-08,0.149044262,3061542400
1983-09,0.134778953,7941606400
1983-10,0.094892762,5021878400
1983-11,0.092235476,4122160000
1983-12,0.102280001,2656617600
1984-01,0.12239581,4358816000
1984-02,0.11255585,3111360000
1984-03,0.116984637,1965891200
1984-04,0.11861055,3216707200
1984-05,0.138595683,5315676800
1984-06,0.127099192,3175132800
1984-07,0.115832286,2834899200
1984-08,0.124563305,5111792000
1984-09,0.119096685,2500624000
1984-10,0.110757912,3563056000
1984-11,0.108205809,3370057600
1984-12,0.120312551,3455020800
1985-01,0.130605773,6366416000
1985-02,0.125411316,4733388800
1985-03,0.101535713,4615587200
1985-04,0.09566319,2868028800
1985-05,0.087763955,4639129600
1985-06,0.07321435,5811388800
1985-07,0.07673,2600595200
1985-08,0.067395272,1818745600
1985-09,0.070224421,1797196800
1985-10,0.075625869,3785913600
1985-11,0.086886251,2884672000
1985-12,0.093537429,3571209600
1986-01,0.103033773,6291801600
1986-02,0.109698106,3420860800
1986-03,0.117047948,4264332800
1986-04,0.128399091,4462684800
1986-05,0.15614381,4954051200
1986-06,0.161511381,4063360000
1986-07,0.152090137,5691638400
1986-08,0.154921285,3643516800
1986-09,0.153300382,3578198400
1986-10,0.149699218,2984038400
1986-11,0.163210683,5206163200
1986-12,0.186942001,4762576000
1987-01,0.217554239,8268915200
1987-02,0.26956068,6616176000
1987-03,0.295632136,5959318400
1987-04,0.32230538,6813161600
1987-05,0.347405203,3838956800
1987-06,0.358005177,3497536000
1987-07,0.367745544,3070256000
1987-08,0.438031576,3119300800
1987-09,0.475233951,3075486400
1987-10,0.410105497,6575699200
1987-11,0.325558101,4234238400
1987-12,0.335988182,4702264000
1988-01,0.373772349,6221600000
1988-02,0.367578203,3368467200
1988-03,0.39314835,4882102400
1988-04,0.362109453,3297929600
1988-05,0.359003049,2638507200
1988-06,0.398336044,3534731200
1988-07,0.397879504,2186419200
1988-08,0.37631022,2653313600
1988-09,0.371385996,3060321600
1988-10,0.35459181,3563649600
1988-11,0.336947335,2939865600
1988-12,0.356451951,2946070400
1989-01,0.367772097,7345833600
1989-02,0.334292737,4886268800
1989-03,0.311485362,3859676800
1989-04,0.34274555,3966424000
1989-05,0.396459,5253382400
1989-06,0.405184685,3941280000
1989-07,0.357366049,3688630400
1989-08,0.3815023,3352305600
1989-09,0.400502454,2020849600
1989-10,0.418374639,4125049600
1989-11,0.399553669,2524939200
1989-12,0.3393415,5941185600
1990-01,0.312043546,3747497600
1990-02,0.302690316,2483891200
1990-03,0.344764635,4556473600
1990-04,0.364676452,3642475200
1990-05,0.36662964,4115630400
1990-06,0.361235241,3952054400
1990-07,0.391688001,4163812800
1990-08,0.34273109,3128339200
1990-09,0.294466524,2206948800
1990-10,0.258346215,5056116800
1990-11,0.315263618,3254608000
1990-12,0.371875101,4094092800
1991-01,0.437703047,7037307200
1991-02,0.522027733,5545780800
1991-03,0.58186385,5210598400
1991-04,0.578327954,7243051200
1991-05,0.432224001,7972843200
1991-06,0.391238852,4091662400
1991-07,0.403764272,3783494400
1991-08,0.464336412,4172649600
1991-09,0.448716497,2393070400
1991-10,0.454435129,3593990400
1991-11,0.459040046,3696033600
1991-12,0.458758529,2607169600
1992-01,0.558999636,4703160000
1992-02,0.582824374,2534996800
1992-03,0.565290088,2985662400
1992-04,0.514190201,3931390400
1992-05,0.540680897,2703724800
1992-06,0.449878227,4851683200
1992-07,0.413047862,3632809600
1992-08,0.397693526,2746531200
1992-09,0.419696048,3055662400
1992-10,0.422838865,3531427200
1992-11,0.499888395,3126547200
1992-12,0.518871817,3334318400
1993-01,0.542857042,5542264000
1993-02,0.499999997,4651281600
1993-03,0.487043731,3661526400
1993-04,0.4436651,3914411200
1993-05,0.49670765,3200545600
1993-06,0.402191591,7674396800
1993-07,0.283375858,7142912000
1993-08,0.249797092,3683164800
1993-09,0.224596048,3668022400
1993-10,0.237935856,5905323200
1993-11,0.287042951,3452108800
1993-12,0.265016225,3956971200
1994-01,0.286617762,7332035200
1994-02,0.32095863,4284459200
1994-03,0.318856784,5257985600
1994-04,0.279546469,4042136000
1994-05,0.274872479,3361657600
1994-06,0.238731455,4671788800
1994-07,0.256947449,4848065600
1994-08,0.308181348,4574897600
1994-09,0.312287333,3232644800
1994-10,0.358391857,7713484800
1994-11,0.357860432,4048945600
1994-12,0.336575241,3787795200
1995-01,0.377923094,8162100800
1995-02,0.369801419,5299347200
1995-03,0.33254087,6997144000
1995-04,0.333352952,5674300800
1995-05,0.372691772,6384672000
1995-06,0.403605774,5521947200
1995-07,0.417606151,5699579200
1995-08,0.392372002,5292918400
1995-09,0.355085203,7311483200
1995-10,0.318866776,6498508800
1995-11,0.349383573,4864294400
1995-12,0.318080449,6560243200
1996-01,0.285866502,10300214400
1996-02,0.255245602,4652099200
1996-03,0.227970954,3346750400
1996-04,0.223798906,2867076800
1996-05,0.235668683,3603902400
1996-06,0.2066407,4673939200
1996-07,0.177328637,4803489600
1996-08,0.205300091,3187374400
1996-09,0.200613901,3213548800
1996-10,0.216833217,5816977600
1996-11,0.223856051,2581364800
1996-12,0.21051219,4147483200
1997-01,0.157163273,9072739200
1997-02,0.146146632,4574169600
1997-03,0.14924655,4502243200
1997-04,0.163885,3809724800
1997-05,0.152370526,2292707200
1997-06,0.141701287,2572304000
1997-07,0.13846891,6782372800
1997-08,0.208147382,17675705600
1997-09,0.196428572,3606075200
1997-10,0.179590478,6430043200
1997-11,0.162270948,5547483200
1997-12,0.128601956,5097792000
1998-01,0.1659458,10211577600
1998-02,0.178659474,7354166400
1998-03,0.2307985,10625977600
1998-04,0.243117621,8081886400
1998-05,0.259151752,6803339200
1998-06,0.246829271,3909841600
1998-07,0.301592911,10927660800
1998-08,0.34438781,13220872000
1998-09,0.332669049,8080318400
1998-10,0.319094861,12930926400
1998-11,0.3200893,10123523200
1998-12,0.317547636,12924105600
1999-01,0.375264422,15127403200
1999-02,0.338169686,8116516800
1999-03,0.30444487,9951995200
1999-04,0.338900335,15888969600
1999-05,0.400362705,8908905600
1999-06,0.411449957,6918620800
1999-07,0.469839476,11466582400
1999-08,0.527115498,9244603200
1999-09,0.632945325,18967468800
1999-10,0.633662959,14468496000
1999-11,0.803651148,8624929600
1999-12,0.923219364,9418214400
2000-01,0.922851545,12555177600
2000-02,0.996770352,7319782400
2000-03,1.147345657,8698356800
2000-04,1.099154105,8662404800
2000-05,0.900092599,9807750400
2000-06,0.876851678,8105204800
2000-07,0.959988752,5746770400
2000-08,0.916282478,5636086400
2000-09,0.995633411,14516930400
2000-10,0.367390411,21905788800
2000-11,0.349038094,8488373600
2000-12,0.26729905,8858970400
2001-01,0.329188001,13709460800
2001-02,0.350564055,7023766400
2001-03,0.37057223,10799062400
2001-04,0.4056787,11158991200
2001-05,0.420202907,7468434400
2001-06,0.384481429,7638265600
2001-07,0.38325681,8655102400
2001-08,0.332973655,5129359200
2001-09,0.296464336,5531523200
2001-10,0.309324568,7544247200
2001-11,0.350875809,5369744800
2001-12,0.387410751,4629839200
2002-01,0.403690523,8515376800
2002-02,0.425319684,7837424000
2002-03,0.432901849,5318583200
2002-04,0.438563318,6422836000
2002-05,0.43063314,5976157600
2002-06,0.349241102,8708016800
2002-07,0.291907637,8118415200
2002-08,0.270876637,5151686400
2002-09,0.259375098,5291837600
2002-10,0.261614824,6611432800
2002-11,0.285053551,4531721600
2002-12,0.262704048,4530439200
2003-01,0.258486376,6045832800
2003-02,0.261851574,4114303200
2003-03,0.260748234,4028404800
2003-04,0.247295903,7775342400
2003-05,0.317321525,10811544800
2003-06,0.324566239,6113335200
2003-07,0.361639636,5218270400
2003-08,0.36833333,4307564800
2003-09,0.395578145,5347484800
2003-10,0.410877303,7040191200
2003-11,0.385751895,4974104800
2003-12,0.36917218,5453873600
2004-01,0.4071696,7927802400
2004-02,0.407227372,4922030400
2004-03,0.467826131,11626115200
2004-04,0.491539,8930174400
2004-05,0.483535697,5304275200
2004-06,0.559498381,8227234400
2004-07,0.558733001,9696579200
2004-08,0.56694005,8011365600
2004-09,0.655102049,7673506400
2004-10,0.792227861,16094366400
2004-11,1.026156479,17439604000
2004-12,1.151761407,15948615200
2005-01,1.236223245,25708244800
2005-02,1.495216219,21448946400
2005-03,1.499918813,14675920000
2005-04,1.383248238,19375518400
2005-05,1.332925093,12858294400
2005-06,1.342532494,11327195600
2005-07,1.461107093,10094246400
2005-08,1.609472042,9400806800
2005-09,1.821955709,12347770400
2005-10,1.926360624,18643447200
2005-11,2.269864003,13456427600
2005-12,2.607397965,13064164400
2006-01,2.77892853,21878371200
2006-02,2.482819457,18760697200
2006-03,2.286971963,23192632400
2006-04,2.392988795,20119282400
2006-05,2.385081205,15608779200
2006-06,2.096769344,17936623600
2006-07,2.066803551,17479742000
2006-08,2.386211178,17887646000
2006-09,2.637750089,17721558400
2006-10,2.754496694,14387956800
2006-11,3.048027118,13834884000
2006-12,3.088267863,16890792800
2007-01,3.174339306,27209781200
2007-02,3.061710596,13722354800
2007-03,3.235827955,15918644000
2007-04,3.346607196,13459740000
2007-05,3.885909037,17365068000
2007-06,4.346258345,23279541600
2007-07,4.860748337,24018573600
2007-08,4.637267051,24360798000
2007-09,5.074285582,20931223600
2007-10,6.136086962,23277791600
2007-11,6.237789222,26199790400
2007-12,6.803749967,17252678800
2008-01,5.727789084,35173888400
2008-02,4.469750094,24865954400
2008-03,4.672249913,22927273600
2008-04,5.649545474,22786982400
2008-05,6.598554429,18588214400
2008-06,6.37448983,19475794800
2008-07,5.991022717,19749760800
2008-08,6.109625975,13085755200
2008-09,5.044404779,24067562400
2008-10,3.53585406,41426711200
2008-11,3.355018829,23619461600
2008-12,3.269415639,20213846800
2009-01,3.170535684,18105740800
2009-02,3.359793136,13867450800
2009-03,3.482321327,15424598000
2009-04,4.286462568,11821681200
2009-05,4.576749992,9457142800
2009-06,4.983149377,12675572000
2009-07,5.332792044,10942136800
2009-08,5.938588528,8165124800
2009-09,6.349523726,9989319200
2009-10,6.88683434,12956176800
2009-11,7.154285765,8454784800
2009-12,7.105519338,11393958800
2010-01,7.41840222,15168994400
2010-02,7.099849651,10776080000
2010-03,7.978959623,12154172800
2010-04,8.969591867,12367129600
2010-05,8.98076787,18082654800
2010-06,9.326623526,16651252800
2010-07,9.105357079,15669704400
2010-08,8.975827997,9589120800
2010-09,9.780391148,11849919200
2010-10,10.74765314,12234577600
2010-11,11.12814626,9508086000
2010-12,11.48163969,6973234800
2011-01,12.08499994,10841535600
2011-02,12.54223693,9295949600
2011-03,12.41038816,11306458800
2011-04,12.15769658,9253829200
2011-05,12.20659855,6912060400
2011-06,11.82433432,9263850400
2011-07,13.29421439,10653946800
2011-08,13.45580748,16142599200
2011-09,14.01761918,11977448000
2011-10,14.18678565,13141427600
2011-11,13.74340135,8963701600
2011-12,14.03323114,6306532400
2012-01,15.306357,6859854400
2012-02,17.77039289,11368554400
2012-03,20.62527622,15584338000
2012-04,21.64296417,15598990400
2012-05,20.16689925,11106345600
2012-06,20.52008502,7855825600
2012-07,21.46671795,8909650400
2012-08,22.95343167,8276206400
2012-09,24.34172962,9199005200
2012-10,22.6683672,12142830000
2012-11,20.15520405,12929851200
2012-12,19.00196428,12132752800
2013-01,17.77937076,13123423600
2013-02,16.31460526,9344034000
2013-03,15.78003583,9176876800
2013-04,14.99160719,10963489600
2013-05,15.94474021,9447530400
2013-06,15.19778566,7018536000
2013-07,15.3270454,6538114800
2013-08,17.31584419,8058338400
2013-09,17.14944649,8630941200
2013-10,18.02659939,7837732000
2013-11,18.73630362,5225155600
2013-12,19.9877719,7057397200
2014-01,19.19448998,8765954400
2014-02,18.80642851,5880366800
2014-03,19.04336739,5001698800
2014-04,19.32408178,6435060800
2014-05,21.54270417,5735668400
2014-06,22.97136052,4827739200
2014-07,23.90647715,4140344000
2014-08,24.60916665,3748308000
2014-09,25.137143,6105680000
2014-10,25.42489143,5441120800
2014-11,28.32131567,3281632800
2014-12,28.10284103,4294378400
2015-01,27.66037521,5221053600
2015-02,31.3580262,4546140800
2015-03,31.49272711,4554568400
2015-04,31.8228569,3984542000
2015-05,32.19037495,3816608400
2015-06,31.95170437,3514426800
2015-07,31.33386369,4233122400
2015-08,28.34869058,6427276400
2015-09,28.19940467,4826189200
2015-10,28.33999998,4450048400
2015-11,29.5406249,3002562400
2015-12,27.93170452,3687660800
2016-01,24.60723656,5087392000
2016-02,23.936625,3243450400
2016-03,26.06681824,2984198400
2016-04,26.68476196,3489534800
2016-05,23.7436904,3602686000
2016-06,24.15556821,3117990800
2016-07,24.63912497,2743118400
2016-08,26.91630455,2520514000
2016-09,27.71428562,3872062400
2016-10,28.92678579,2747657200
2016-11,27.53857131,2886220000
2016-12,28.58392861,2435086800
2017-01,29.89249992,2252488000
2017-02,33.42855233,2299874400
2017-03,35.15445659,2246513600
2017-04,35.72171041,1493216400
2017-05,38.05693158,2615927200
2017-06,36.95784049,2736712400
2017-07,37.07487488,1688047600
2017-08,39.75532648,2644276000
2017-09,39.40212498,2721496400
2017-10,39.45431813,2017165200
2017-11,43.10154779,2402653600
2017-12,42.97287502,2124735200
2018-01,43.50130935,2638717600
2018-02,41.90973683,3711577200
2018-03,43.62404796,2854910800
2018-04,42.45857166,2664617200
2018-05,46.38420452,2483905200
2018-06,47.15535718,2110498000
2018-07,47.57785724,1574765600
2018-08,53.33652214,2801275600
2018-09,55.51842137,2715888000
2018-10,55.21141301,3158994000
2018-11,47.80892853,3845305600
2018-12,41.06657932,3595690000
2019-01,38.5415475,3312349600
2019-02,42.93197331,1890162400
2019-03,45.82345254,2603925600
2019-04,50.12904776,2024470800
2019-05,47.81840914,2957826400
2019-06,48.24225006,2060874800
2019-07,51.30409102,1895406800
2019-08,51.2394319,2724326400
2019-09,54.49874973,2170268400
2019-10,58.82163023,2433210800
2019-11,65.63012581,1793326000
2019-12,69.13142758,2388794800
2020-01,77.97904787,2934370400
2020-02,77.81763057,3019279200
2020-03,65.61102295,6280072400
2020-04,68.09654708,3265299200
2020-05,77.49637566,2805936000
2020-06,86.4515901,3243375600
2020-07,95.56624985,3020283200
2020-08,117.2997618,4070061100
2020-09,115.1252365,3885245100
2020-10,116.4131823,2894666500
2020-11,116.8259995,2123077300
2020-12,127.2904549,2322189600
2021-01,133.0368424,2240262000
2021-02,131.5315789,1833855600
2021-03,121.8713037,2650418200
2021-04,131.8128578,1889857500
2021-05,126.784,1711934900
2021-06,129.9586359,1606590000
2021-07,145.1395242,1919035100
2021-08,148.1777274,1461542800
2021-09,148.3061901,1797835100
2021-10,145.5638086,1565079200
2021-11,154.2557162,1691029000
2021-12,173.5527274,2444766700
2022-01,169.8614998,2108446000
2022-02,169.830001,1627516300
2022-03,165.3104354,2180800100
2022-04,166.8209992,1687795600
2022-05,148.4304766,2401040300
2022-06,139.7985731,1749099800
2022-07,149.6704994,1447125400
2022-08,166.8852181,1510239600
2022-09,153.0028556,2084722800
2022-10,145.0133333,1868139700
2022-11,145.8433315,1724847700
2022-12,137.8766665,1675731200
2023-01,135.7789993,1443652500
2023-02,150.9684207,1307198900
2023-03,154.9647821,1520266600
2023-04,165.04579,969709700
2023-05,172.6227278,1275155500
2023-06,184.2833332,1297101100
2023-07,192.4115005,996066400
2023-08,181.0839134,1322439400
2023-09,177.0025009,1337586600
2023-10,174.6686381,1172719600
2023-11,185.8795231,1099586100
2023-12,194.3085014,1062774800
2024-01,187.7242839,1187219300
2024-02,184.7755005,1161627000
2024-03,172.6964996,1432782800
2024-04,169.6045449,1245717000
2024-05,186.2859088,1336537700
2024-06,206.2631579,1723984500
2024-07,224.598637,1153099800
2024-08,221.6381815,1122667000
2024-09,223.7580009,1232140300
2024-10,230.0560873,930736000
2024-11,227.8104988,891640600
2024-12,249.3228564,977916100
2025-01,243.8550034,70693053
Grand Total,24.35760719,3.50E+12
